model,feature_set,split,params,accuracy,f1_macro,mcc,roc_auc,pred_up_rate
majority_class,-,val,,0.5314285714285715,0.34701492537313433,0.0,0.5,1.0
majority_class,-,test,,0.5909090909090909,0.37142857142857144,0.0,0.5,1.0
persistence,-,val,,0.5142857142857142,0.5119910764082543,0.024015755476396304,0.5119984264358772,0.5371428571428571
persistence,-,test,,0.5454545454545454,0.5318526399787206,0.06384727609467736,0.532051282051282,0.5795454545454546
logreg,market,val,{'C': 0.01},0.4685714285714286,0.46794599365785083,-0.05518276885279954,0.4712824547600314,0.4342857142857143
logreg,market,test,{'C': 0.01},0.5227272727272727,0.5151515151515151,0.03369660867872945,0.5686431623931624,0.5340909090909091
xgboost,market,val,"{'max_depth': 2, 'n_estimators': 100, 'learning_rate': 0.03}",0.5428571428571428,0.46969696969696967,0.0587232136430197,0.49396800419617104,0.84
xgboost,market,test,"{'max_depth': 2, 'n_estimators': 100, 'learning_rate': 0.03}",0.625,0.5073791348600509,0.17682450250071735,0.5325854700854701,0.8977272727272727
logreg,nlp,val,{'C': 1.0},0.46285714285714286,0.45987654320987653,-0.06253037052313865,0.45030159979019146,0.3942857142857143
logreg,nlp,test,{'C': 1.0},0.48863636363636365,0.4885703215807826,0.015025645979151507,0.5088141025641025,0.3977272727272727
xgboost,nlp,val,"{'max_depth': 2, 'n_estimators': 100, 'learning_rate': 0.03}",0.5428571428571428,0.45278298936835526,0.05842332295180543,0.4613165486493575,0.8742857142857143
xgboost,nlp,test,"{'max_depth': 2, 'n_estimators': 100, 'learning_rate': 0.03}",0.5738636363636364,0.4087875666233708,-0.02387049580131443,0.514155982905983,0.9375
logreg,market+nlp,val,{'C': 10.0},0.4685714285714286,0.4682936391257473,-0.0564775336806875,0.46852871754523995,0.44571428571428573
logreg,market+nlp,test,{'C': 10.0},0.48863636363636365,0.4875776397515528,-0.006329621044272917,0.5042735042735043,0.45454545454545453
xgboost,market+nlp,val,"{'max_depth': 2, 'n_estimators': 100, 'learning_rate': 0.03}",0.5428571428571428,0.45278298936835526,0.05842332295180543,0.4653815892997639,0.8742857142857143
xgboost,market+nlp,test,"{'max_depth': 2, 'n_estimators': 100, 'learning_rate': 0.03}",0.6022727272727273,0.4775233248515691,0.1005472661278589,0.578926282051282,0.8977272727272727
